id,first_name,last_name,email,gender,ip_address
1,Venus,,vproudman0@bloglovin.com,Female,68.19.29.39
2,Cy,Fenny,cfenny1@reverbnation.com,Male,189.166.97.109
3,Gabe,Billings,gbillings2@dmoz.org,Male,124.177.101.36
4,Lorianna,Kelf,lkelf3@ucla.edu,Female,53.146.247.92
5,Artemus,Leathart,aleathart4@creativecommons.org,Male,89.6.128.25
6,Chandal,Sheppard,csheppard5@lycos.com,Female,132.45.170.50
7,Hartley,Ribbens,hribbens6@gov.uk,Male,80.127.232.42
8,Pip,,pguillotin7@delicious.com,Male,
9,Kay,Vaudre,kvaudre8@cargocollective.com,Female,121.12.110.122
10,Clemmie,Luetkemeyer,cluetkemeyer9@wordpress.com,Male,127.142.23.19
11,Marney,Filewood,mfilewooda@businessinsider.com,Female,8.158.195.154
12,Kippie,Morfield,kmorfieldb@samsung.com,Male,159.191.236.53
13,Salvatore,Jakeway,sjakewayc@rediff.com,Male,116.202.47.11
14,Rube,Witherdon,rwitherdond@shutterfly.com,Male,40.166.65.103
15,Brose,,bhoffe@bing.com,Male,121.128.201.225
16,Cletus,Lawie,clawief@tripod.com,Male,165.247.25.118
17,Starlene,Sowthcote,ssowthcoteg@newsvine.com,Female,228.22.192.222
18,Guido,Starkings,gstarkingsh@harvard.edu,Male,82.52.206.193
19,Pennie,Vondrak,pvondraki@hao123.com,Female,27.171.225.121
20,Fulvia,,fcalderoj@wsj.com,Polygender,80.193.211.70
21,Alvy,Coom,acoomk@hubpages.com,Male,246.45.80.75
22,Ingmar,Stourton,istourtonl@dailymotion.com,Male,49.145.44.205
23,Michail,McGoon,mmcgoonm@nhs.uk,Male,231.246.25.156
24,Libbi,Seward,lsewardn@vimeo.com,Female,1.76.182.196
25,Lauri,Medler,lmedlero@hexun.com,Female,96.123.96.132
26,Cloris,Barnshaw,cbarnshawp@gmpg.org,Female,244.0.19.103
27,Marcelle,,mbarnbrookq@hugedomains.com,Female,171.206.153.84
28,Alida,Nono,anonor@tinypic.com,Female,158.44.15.65
29,Estevan,,ehillocks@yellowbook.com,Male,224.64.49.194
30,Dix,Barmby,dbarmbyt@samsung.com,Female,136.227.127.235
31,Northrop,Teas,nteasu@aol.com,Non-binary,
32,Jone,Barajas,jbarajasv@soundcloud.com,Male,21.140.73.120
33,Carissa,Melross,cmelrossw@squarespace.com,Female,125.29.124.109
34,Salli,,shasleyx@deliciousdays.com,Female,252.118.190.172
35,Noreen,Ander,nandery@ibm.com,Female,116.182.91.135
36,Alphard,Dunster,adunsterz@mit.edu,Male,188.146.107.52
37,Flory,,fgamil10@tinyurl.com,Male,52.56.66.110
38,Myrlene,Fitt,mfitt11@dailymail.co.uk,Bigender,103.237.92.239
39,Viviene,Hablot,vhablot12@aol.com,Female,77.180.40.255
40,Rice,Spur,rspur13@newyorker.com,Male,131.125.146.198
41,Sigvard,,sparkinson14@npr.org,Male,46.87.154.31
42,Danny,Sparry,dsparry15@vk.com,Male,212.172.167.138
43,Zitella,Ottam,zottam16@noaa.gov,Female,247.90.147.137
44,Silvanus,,sbolver17@discovery.com,Male,25.183.144.75
45,Donetta,Gorick,dgorick18@guardian.co.uk,Female,71.181.175.185
46,Llewellyn,Rawlins,lrawlins19@smugmug.com,Male,240.5.27.205
47,Winston,Thuillier,wthuillier1a@gravatar.com,Male,235.121.131.249
48,Lynette,Kay,lkay1b@baidu.com,Female,96.214.167.195
49,Uriah,,ufysh1c@vk.com,Male,122.211.53.231
50,Hallsy,Wogdon,hwogdon1d@abc.net.au,Male,201.37.195.43
51,Nelly,Hansen,nhansen1e@posterous.com,Female,36.181.226.82
52,Myrvyn,Trude,mtrude1f@discovery.com,Male,130.75.245.58
53,Augie,Witt,awitt1g@cpanel.net,Male,238.137.82.224
54,Jacobo,Burnett,jburnett1h@amazonaws.com,Male,40.62.30.31
55,Aluino,L'Hommeau,alhommeau1i@upenn.edu,Male,138.235.162.160
56,Delinda,Godmar,dgodmar1j@ask.com,Female,125.23.126.2
57,Nanete,Guidi,nguidi1k@de.vu,Female,76.10.165.15
58,Kurtis,Stratten,kstratten1l@vinaora.com,Bigender,62.131.37.72
59,Ricard,Hammond,rhammond1m@bandcamp.com,Agender,142.89.33.157
60,Sander,Causbey,scausbey1n@deliciousdays.com,Male,
61,Don,Foard,dfoard1o@jigsy.com,Male,162.126.13.153
62,Saul,,sjuste1p@go.com,Male,91.235.48.72
63,Xymenes,Jenkins,xjenkins1q@infoseek.co.jp,Male,122.144.157.152
64,Aurora,Etchell,aetchell1r@google.it,Female,155.150.19.112
65,Robin,Gillise,rgillise1s@networksolutions.com,Genderqueer,126.237.12.23
66,Hillie,Goodban,hgoodban1t@google.com,Male,238.166.139.153
67,Brenn,Kirimaa,bkirimaa1u@wisc.edu,Female,61.210.117.226
68,Elbertine,Baudts,ebaudts1v@indiatimes.com,Non-binary,
69,Guendolen,Leggett,gleggett1w@geocities.jp,Female,21.22.4.246
70,Ogdon,,ofallis1x@i2i.jp,Male,122.59.224.198
71,Uta,,uyard1y@mashable.com,Genderfluid,80.170.141.201
72,Ellette,Lowson,elowson1z@scientificamerican.com,Bigender,154.199.21.202
73,Timmy,Ackroyd,tackroyd20@netlog.com,Male,148.168.78.83
74,Ashbey,Wrettum,awrettum21@who.int,Male,203.253.223.124
75,Tulley,Flaxman,tflaxman22@webmd.com,Male,241.235.103.219
76,Leodora,,lrendle23@spiegel.de,Female,210.47.64.57
77,Tim,Whisson,twhisson24@engadget.com,Male,148.135.13.50
78,Guglielmo,Bodechon,gbodechon25@ucla.edu,Male,81.25.242.234
79,Tucky,Leber,tleber26@w3.org,Bigender,75.188.133.164
80,Junette,Hue,jhue27@domainmarket.com,Female,19.122.2.59
81,Lorelei,Olney,lolney28@arizona.edu,Female,229.74.243.159
82,Egan,,ehaffenden29@mozilla.com,Male,0.125.19.148
83,Leelah,Stearn,lstearn2a@usda.gov,Female,210.44.46.37
84,Bili,Reason,breason2b@arstechnica.com,Female,57.15.57.158
85,Joelie,Sibylla,jsibylla2c@w3.org,Female,243.151.209.59
86,Analiese,Gatchell,agatchell2d@jigsy.com,Genderfluid,61.49.188.108
87,Matias,Burgyn,mburgyn2e@examiner.com,Male,48.61.48.169
88,Amandi,Miquelet,amiquelet2f@ask.com,Female,209.54.134.249
89,Cleo,Bremmell,cbremmell2g@spiegel.de,Female,99.61.67.212
90,Pegeen,Blatchford,pblatchford2h@posterous.com,Female,5.255.9.230
91,Archaimbaud,Mercer,amercer2i@lulu.com,Male,16.6.60.235
92,Franchot,,fkamall2j@mit.edu,Male,70.63.232.83
93,Tobye,Feaveryear,tfeaveryear2k@businessinsider.com,Female,239.84.61.94
94,Marlin,Halleybone,mhalleybone2l@blogtalkradio.com,Male,
95,Cordula,Pollastro,cpollastro2m@imgur.com,Female,80.220.177.34
96,Hasty,Dunster,hdunster2n@trellian.com,Male,44.91.205.185
97,Rahel,Sawle,rsawle2o@homestead.com,Female,86.69.78.153
98,Giselbert,Bramsen,gbramsen2p@cnet.com,Male,160.127.242.240
99,Kristian,Ewols,kewols2q@yahoo.co.jp,Non-binary,77.186.104.0
100,Eadie,,ehurrion2r@umn.edu,Female,213.61.225.44
101,Nester,Lowten,nlowten2s@google.co.jp,Male,198.235.185.3
102,Dalila,Dexter,ddexter2t@spotify.com,Female,
103,Adolphe,,acruickshank2u@businesswire.com,Male,125.11.244.226
104,Janessa,Yanson,jyanson2v@ox.ac.uk,Female,232.97.21.83
105,Waite,Newlin,wnewlin2w@ibm.com,Male,208.238.78.46
106,Mohandas,Cockburn,mcockburn2x@4shared.com,Male,33.98.3.0
107,Aubert,Menzies,amenzies2y@chicagotribune.com,Male,
108,Herculie,Strase,hstrase2z@huffingtonpost.com,Male,119.65.147.34
109,Brigida,Canniffe,bcanniffe30@state.tx.us,Female,39.18.152.95
110,Tori,Jimes,tjimes31@123-reg.co.uk,Female,243.61.5.98
111,Nealson,D'Onisi,ndonisi32@prweb.com,Male,15.94.12.94
112,Ileana,,imerchant33@shutterfly.com,Female,110.29.21.237
113,Melva,,mlennon34@quantcast.com,Female,
114,Carey,Baitman,cbaitman35@51.la,Female,230.19.135.121
115,Brade,Gorvin,bgorvin36@dropbox.com,Male,244.173.207.14
116,Rhoda,Verrico,rverrico37@g.co,Female,46.63.82.169
117,Alwyn,Dysart,adysart38@marketwatch.com,Male,185.191.128.172
118,Guenevere,Bengall,gbengall39@bizjournals.com,Female,246.238.192.125
119,Jermaine,Bearsmore,jbearsmore3a@earthlink.net,Female,80.240.111.178
120,Rorke,,rruthven3b@liveinternet.ru,Male,195.68.158.215
121,Corella,,cdankov3c@loc.gov,Female,140.247.230.52
122,Wade,Ledington,wledington3d@webmd.com,Male,4.195.2.47
123,Patsy,Funcheon,pfuncheon3e@ovh.net,Male,
124,Mirella,Posnett,mposnett3f@linkedin.com,Female,73.122.191.24
125,Kahaleel,Sprowle,ksprowle3g@vistaprint.com,Male,23.173.8.64
126,Charil,Porrett,cporrett3h@flavors.me,Non-binary,180.227.12.246
127,Marc,Grewes,mgrewes3i@jigsy.com,Male,234.35.47.157
128,Sharleen,Imorts,simorts3j@delicious.com,Female,57.101.13.253
129,Erminie,Revance,erevance3k@squarespace.com,Female,
130,Murial,Strete,mstrete3l@buzzfeed.com,Female,
131,Sol,Neal,sneal3m@google.ru,Non-binary,175.94.164.60
132,Micki,Birtle,mbirtle3n@stanford.edu,Female,180.190.97.8
133,Alexa,Quadri,aquadri3o@ustream.tv,Female,218.131.130.21
134,Elyn,Caplen,ecaplen3p@rediff.com,Female,195.56.162.168
135,Darcy,Croix,dcroix3q@people.com.cn,Male,83.185.247.184
136,Gilly,,glyptratt3r@umich.edu,Female,170.46.231.103
137,Clara,O' Donohue,codonohue3s@163.com,Female,
138,Jacinda,Hedau,jhedau3t@stanford.edu,Female,153.71.231.41
139,Kareem,,kmickleborough3u@yellowbook.com,Male,199.34.215.226
140,Allister,Mullaney,amullaney3v@jigsy.com,Male,178.85.238.30
141,Darren,Arsnell,darsnell3w@cafepress.com,Male,222.221.118.15
142,Andy,Nansom,anansom3x@ow.ly,Male,137.195.55.46
143,Kent,,kmcgaffey3y@plala.or.jp,Male,7.11.206.10
144,Cecile,McBrady,cmcbrady3z@is.gd,Female,
145,George,Kiloh,gkiloh40@t.co,Female,39.61.97.220
146,Meade,Paolinelli,mpaolinelli41@twitpic.com,Agender,75.3.162.142
147,Mildred,Gravy,mgravy42@google.nl,Female,52.38.111.197
148,Nicoline,Threadgold,nthreadgold43@wisc.edu,Female,53.89.152.6
149,Borden,Morad,bmorad44@gizmodo.com,Male,143.187.86.5
150,Terrel,Aberdein,taberdein45@wikimedia.org,Male,56.136.52.6
151,Scotti,Beathem,sbeathem46@jigsy.com,Male,84.35.89.34
152,Lillian,Chyuerton,lchyuerton47@joomla.org,Female,129.14.90.200
153,Gabbie,Badsworth,gbadsworth48@nbcnews.com,Male,30.179.135.209
154,Verne,Couroy,vcouroy49@house.gov,Genderqueer,155.115.66.130
155,Pepita,,pjanous4a@rediff.com,Bigender,229.85.17.172
156,Richard,Ballston,rballston4b@epa.gov,Male,116.155.81.233
157,Inge,,idamant4c@mlb.com,Female,248.197.4.15
158,Tedi,Martijn,tmartijn4d@google.de,Female,1.6.63.243
159,Joly,Sclanders,jsclanders4e@ucoz.ru,Female,135.255.242.141
160,Trixi,Gillions,tgillions4f@baidu.com,Female,
161,Malchy,Drains,mdrains4g@issuu.com,Male,95.105.69.213
162,Raquela,Sigert,rsigert4h@networksolutions.com,Female,131.35.154.194
163,Stacie,Dandie,sdandie4i@nps.gov,Female,106.221.159.64
164,Allen,Truluck,atruluck4j@pen.io,Male,14.42.165.249
165,Edythe,Alliot,ealliot4k@unicef.org,Female,119.51.67.112
166,Barton,,bwyles4l@latimes.com,Male,75.119.16.189
167,Hakeem,Clymo,hclymo4m@ezinearticles.com,Male,46.26.143.218
168,Tiphany,Ellson,tellson4n@walmart.com,Female,123.119.3.132
169,Matilde,Hotton,mhotton4o@posterous.com,Female,96.123.196.221
170,Mommy,Foulsham,mfoulsham4p@webs.com,Female,38.143.48.101
171,Adrian,,amclelland4q@msu.edu,Male,251.59.56.253
172,Winne,Leynagh,wleynagh4r@cafepress.com,Female,50.53.94.1
173,Sumner,Goody,sgoody4s@github.com,Male,76.37.78.245
174,Lidia,,lbingle4t@usatoday.com,Female,178.103.235.49
175,Desiri,Casino,dcasino4u@reuters.com,Female,137.39.16.46
176,Joella,Tyrie,jtyrie4v@reference.com,Agender,39.22.15.24
177,Corby,,csibborn4w@i2i.jp,Male,189.15.76.111
178,Pieter,,pbignal4x@de.vu,Male,79.34.230.38
179,Pail,Munks,pmunks4y@vistaprint.com,Male,6.163.4.244
180,Alyss,Goulstone,agoulstone4z@trellian.com,Non-binary,204.140.158.252
181,Dewey,Richardin,drichardin50@hibu.com,Genderfluid,123.69.175.234
182,Lucia,Pinnere,lpinnere51@gravatar.com,Female,243.51.252.0
183,Cori,Konrad,ckonrad52@icq.com,Female,164.98.220.155
184,Con,Prentice,cprentice53@patch.com,Male,178.76.182.19
185,Malachi,Hundy,mhundy54@weibo.com,Male,3.101.19.99
186,Hortense,Cancutt,hcancutt55@mapquest.com,Female,132.38.240.247
187,Tuckie,Koppen,tkoppen56@aol.com,Male,0.191.164.180
188,Town,Quodling,tquodling57@chron.com,Male,29.205.61.106
189,Araldo,Querree,aquerree58@i2i.jp,Male,126.194.19.106
190,Dunc,Hansed,dhansed59@tamu.edu,Male,
191,Felicio,Gorstidge,fgorstidge5a@tmall.com,Male,210.148.99.56
192,Alyss,Nickoll,anickoll5b@instagram.com,Female,
193,Shawn,,smorse5c@spotify.com,Male,231.140.231.207
194,Simone,Cluet,scluet5d@a8.net,Male,90.50.35.102
195,Kristo,Pellant,kpellant5e@artisteer.com,Male,208.141.54.169
196,Elton,Bertolaccini,ebertolaccini5f@nyu.edu,Male,250.51.218.240
197,Ulrica,Lunn,ulunn5g@nymag.com,Female,181.120.13.255
198,Marianna,Polleye,mpolleye5h@jimdo.com,Female,13.188.52.190
199,Jocelyne,,jiacofo5i@google.ca,Female,222.33.17.92
200,Fowler,Limpenny,flimpenny5j@baidu.com,Polygender,37.69.223.225
201,Tabby,Shipsey,tshipsey5k@ifeng.com,Male,227.98.155.251
202,Derrick,Sibun,dsibun5l@gov.uk,Male,5.241.190.6
203,Kamillah,Carlens,kcarlens5m@mysql.com,Female,215.204.130.168
204,Zola,Feyer,zfeyer5n@newsvine.com,Female,
205,Elie,Simenot,esimenot5o@vk.com,Female,186.129.84.18
206,Marina,Izzatt,mizzatt5p@biblegateway.com,Female,68.192.120.56
207,Ranee,Hudspeth,rhudspeth5q@abc.net.au,Female,248.27.12.183
208,Allin,Wawer,awawer5r@mapy.cz,Male,19.30.37.36
209,Carrissa,Piwall,cpiwall5s@yahoo.com,Female,93.206.170.158
210,Herman,Rubinov,hrubinov5t@simplemachines.org,Male,117.247.238.89
211,Seumas,Navarro,snavarro5u@shareasale.com,Male,
212,Art,,abeeby5v@t-online.de,Genderfluid,89.93.109.90
213,Leonardo,Nockells,lnockells5w@qq.com,Male,
214,Thornton,Brogioni,tbrogioni5x@discovery.com,Male,151.217.230.185
215,Hubert,,hellse5y@wisc.edu,Male,220.0.35.253
216,Lorry,Polsin,lpolsin5z@instagram.com,Non-binary,18.174.117.235
217,Murray,Wanell,mwanell60@myspace.com,Male,75.209.86.246
218,Lira,,lstorre61@bloglovin.com,Female,243.77.65.223
219,Catherina,Hambers,chambers62@tmall.com,Female,206.129.191.177
220,Sandy,Kunzler,skunzler63@china.com.cn,Male,1.186.11.2
221,Amandie,Jakuszewski,ajakuszewski64@seesaa.net,Female,102.227.31.127
222,Kendell,Blondell,kblondell65@g.co,Male,247.41.132.196
223,Cacilie,Hand,chand66@whitehouse.gov,Agender,
224,Nada,Everleigh,neverleigh67@marketwatch.com,Agender,170.80.114.2
225,Reynold,Locke,rlocke68@example.com,Male,115.215.89.235
226,Karin,,krubery69@vinaora.com,Female,162.99.247.79
227,Cammy,,cpetre6a@bigcartel.com,Male,231.133.206.96
228,Melisent,Tumulty,mtumulty6b@twitpic.com,Female,204.65.112.154
229,Kaja,Swanbourne,kswanbourne6c@va.gov,Female,99.125.65.186
230,Rosa,Ferrers,rferrers6d@webnode.com,Female,
231,Rosco,Leates,rleates6e@indiatimes.com,Male,227.108.40.166
232,Trstram,Crolla,tcrolla6f@wikimedia.org,Male,242.127.183.168
233,Alexandr,Passfield,apassfield6g@arizona.edu,Male,218.119.37.17
234,Denise,McKibben,dmckibben6h@hubpages.com,Female,231.12.194.184
235,Devora,Gregan,dgregan6i@ning.com,Agender,151.121.54.51
236,Ritchie,Pendre,rpendre6j@rediff.com,Male,55.40.18.40
237,Cesar,Sygrove,csygrove6k@ihg.com,Male,176.12.165.10
238,Augustine,Meek,ameek6l@tinyurl.com,Male,13.94.24.81
239,Elwin,Ettritch,eettritch6m@weibo.com,Male,153.210.209.148
240,Lilah,Gilliard,lgilliard6n@reference.com,Female,130.55.92.86
241,Mersey,Dukelow,mdukelow6o@elegantthemes.com,Female,108.102.61.121
242,Bonnie,Lowery,blowery6p@army.mil,Female,98.87.164.241
243,Barris,Bailiss,bbailiss6q@addtoany.com,Male,3.23.52.14
244,Michel,Ford,mford6r@europa.eu,Female,233.253.120.73
245,Wilhelmine,Ganniclifft,wganniclifft6s@telegraph.co.uk,Genderfluid,238.111.220.165
246,Alasdair,Ogden,aogden6t@is.gd,Male,183.40.204.64
247,Chandler,Kellaway,ckellaway6u@surveymonkey.com,Male,1.39.212.75
248,Gilberto,,grothschild6v@mtv.com,Male,186.194.54.57
249,Farrah,Buney,fbuney6w@prweb.com,Female,91.98.71.57
250,Phaidra,Scholey,pscholey6x@tripod.com,Female,240.3.9.98
251,Brock,Santoro,bsantoro6y@google.com.br,Male,
252,Franky,Vennard,fvennard6z@pagesperso-orange.fr,Female,71.74.109.35
253,Hildy,Winterbourne,hwinterbourne70@nytimes.com,Female,79.213.93.130
254,Wyndham,Rose,wrose71@google.ru,Male,133.169.77.217
255,Leonore,Petrelli,lpetrelli72@squarespace.com,Female,109.162.220.92
256,Rubia,Behling,rbehling73@nba.com,Female,248.223.202.178
257,Lorianna,Udie,ludie74@ocn.ne.jp,Female,59.14.179.42
258,Tully,Fell,tfell75@ftc.gov,Male,50.33.227.231
259,Fan,Cleyburn,fcleyburn76@slashdot.org,Female,159.55.186.165
260,Dita,Loftus,dloftus77@hibu.com,Female,91.113.230.250
261,Yvon,,ytraise78@opera.com,Male,5.242.245.62
262,Vita,Vasyushkhin,vvasyushkhin79@topsy.com,Female,178.35.100.220
263,Cassy,,ckunrad7a@ifeng.com,Female,
264,Monah,Rolfs,mrolfs7b@washingtonpost.com,Female,125.84.161.34
265,Kristy,Mylchreest,kmylchreest7c@amazonaws.com,Female,8.130.85.12
266,Baxy,Counsell,bcounsell7d@sina.com.cn,Male,83.73.60.139
267,Welsh,Barlass,wbarlass7e@umich.edu,Male,34.171.40.175
268,Dennison,Wasmer,dwasmer7f@techcrunch.com,Male,173.152.168.241
269,Natividad,Lennox,nlennox7g@ning.com,Female,69.58.111.175
270,Prescott,Burberow,pburberow7h@ibm.com,Male,114.193.147.84
271,Philly,Cesaric,pcesaric7i@ask.com,Female,214.18.94.39
272,Benedetta,Freemantle,bfreemantle7j@walmart.com,Female,77.11.243.202
273,Micheil,Douce,mdouce7k@bloglovin.com,Male,159.145.129.201
274,Rhetta,Wellum,rwellum7l@github.io,Female,2.138.137.212
275,Rachele,Finnick,rfinnick7m@usa.gov,Female,
276,Gerrilee,Fearnyhough,gfearnyhough7n@vkontakte.ru,Female,
277,Lionello,Tofful,ltofful7o@nps.gov,Male,218.102.121.22
278,Nikolia,,nspeedin7p@mac.com,Female,170.22.110.7
279,Allyce,Elmhurst,aelmhurst7q@hud.gov,Female,59.41.30.2
280,Clarine,Melato,cmelato7r@thetimes.co.uk,Female,
281,Sallie,Fyall,sfyall7s@comsenz.com,Female,168.187.103.44
282,Donni,Wardhaw,dwardhaw7t@ihg.com,Female,21.76.181.226
283,Sutton,,sbockett7u@elpais.com,Male,239.128.246.36
284,Janina,McConnachie,jmcconnachie7v@walmart.com,Female,240.209.71.149
285,Enoch,Spurrior,espurrior7w@cbsnews.com,Male,
286,Garreth,,gtrickett7x@hc360.com,Male,138.85.242.126
287,Jeanie,Adamson,jadamson7y@yale.edu,Female,137.110.171.75
288,Riva,,rinker7z@1688.com,Female,87.198.141.192
289,Nilson,Dawtrey,ndawtrey80@mac.com,Male,132.48.27.156
290,Alfonso,Presdie,apresdie81@google.ru,Male,220.34.201.135
291,Darin,Roll,droll82@jiathis.com,Male,105.202.196.21
292,Ardith,Cornelis,acornelis83@qq.com,Female,147.2.11.105
293,Allyson,Glinde,aglinde84@dot.gov,Female,185.80.93.51
294,Jody,Sandcraft,jsandcraft85@arstechnica.com,Female,3.224.154.160
295,Dylan,Fredson,dfredson86@mapquest.com,Male,29.17.148.152
296,Aldrich,Brocks,abrocks87@time.com,Male,
297,Ginny,Rainon,grainon88@japanpost.jp,Female,26.133.139.149
298,Holden,Elmar,helmar89@ning.com,Male,153.183.75.192
299,Cornie,Utridge,cutridge8a@networkadvertising.org,Female,
300,Jecho,Ivins,jivins8b@facebook.com,Male,215.80.74.28
301,Clary,Guterson,cguterson8c@bbc.co.uk,Female,
302,Jeralee,Otley,jotley8d@wunderground.com,Female,193.150.30.29
303,Warden,Krinks,wkrinks8e@eventbrite.com,Male,221.141.3.120
304,Harrie,Reolfi,hreolfi8f@ucoz.com,Female,150.19.237.245
305,Bogey,Giacoppoli,bgiacoppoli8g@msn.com,Male,93.137.176.71
306,Natalina,Gare,ngare8h@vinaora.com,Female,175.15.227.212
307,Farlee,Skellon,fskellon8i@artisteer.com,Male,85.244.199.4
308,Giffard,O'Driscoll,godriscoll8j@nsw.gov.au,Male,
309,Hamlen,Hedworth,hhedworth8k@cyberchimps.com,Male,165.229.231.70
310,Trenna,,tcogan8l@dedecms.com,Female,
311,Editha,Huckstepp,ehuckstepp8m@tripod.com,Female,162.143.194.4
312,Renado,Staunton,rstaunton8n@wisc.edu,Male,165.172.84.209
313,Shell,Seamans,sseamans8o@cnbc.com,Male,253.162.16.16
314,Bear,Rigate,brigate8p@infoseek.co.jp,Male,37.243.111.63
315,Joe,,jportlock8q@gmpg.org,Male,55.123.5.5
316,Keri,Sustins,ksustins8r@google.com.br,Female,226.87.222.230
317,Ianthe,Pren,ipren8s@mapquest.com,Female,
318,Tera,Le Ball,tleball8t@123-reg.co.uk,Female,226.30.51.155
319,Gypsy,Newcomen,gnewcomen8u@hatena.ne.jp,Genderqueer,111.45.87.126
320,Obadiah,Hucker,ohucker8v@diigo.com,Male,155.214.226.254
321,Lora,Selman,lselman8w@toplist.cz,Female,173.227.32.96
322,Patrick,Teodoro,pteodoro8x@samsung.com,Male,22.138.42.48
323,Miquela,Mole,mmole8y@photobucket.com,Non-binary,41.215.143.14
324,Sharyl,Peizer,speizer8z@economist.com,Female,73.9.85.242
325,Donall,Litton,dlitton90@narod.ru,Polygender,95.180.67.210
326,Mart,Malloch,mmalloch91@springer.com,Male,
327,Iormina,Guyton,iguyton92@youku.com,Female,12.35.189.78
328,Lemar,Climson,lclimson93@webmd.com,Male,
329,Jillane,Gulley,jgulley94@bing.com,Female,155.215.179.90
330,Carlie,Letch,cletch95@deviantart.com,Male,169.157.29.143
331,Ollie,Denzilow,odenzilow96@yale.edu,Female,
332,Jameson,Kerans,jkerans97@yahoo.co.jp,Male,178.75.235.174
333,Pennie,Sole,psole98@csmonitor.com,Female,
334,Sheila-kathryn,Berthelet,sberthelet99@google.com,Female,203.107.12.149
335,Matilde,,mfairtlough9a@skype.com,Non-binary,126.98.76.91
336,Geordie,Grece,ggrece9b@nih.gov,Male,110.20.12.196
337,Arch,Bateup,abateup9c@mlb.com,Male,83.83.29.224
338,Leta,Ferrar,lferrar9d@microsoft.com,Female,207.230.118.233
339,Samuel,Pietrzak,spietrzak9e@nymag.com,Male,80.1.27.164
340,Violet,Starkey,vstarkey9f@seattletimes.com,Female,132.140.194.208
341,Kiri,,kledamun9g@cbslocal.com,Female,4.238.143.176
342,Ozzie,Babington,obabington9h@eepurl.com,Genderqueer,129.88.176.218
343,Editha,,eeuplate9i@360.cn,Female,188.175.44.111
344,Magdalena,Belding,mbelding9j@xrea.com,Female,99.231.22.148
345,Kienan,Yeatman,kyeatman9k@barnesandnoble.com,Male,217.104.7.60
346,Maxie,Clayden,mclayden9l@amazon.de,Male,48.10.134.116
347,Ernaline,,ecampbell9m@liveinternet.ru,Female,106.232.204.161
348,Madelin,Tootal,mtootal9n@ed.gov,Female,29.128.113.52
349,Thedrick,Smalridge,tsmalridge9o@indiegogo.com,Male,65.57.135.244
350,Palm,Colebourne,pcolebourne9p@whitehouse.gov,Bigender,41.165.52.42
351,Gerik,Melliard,gmelliard9q@earthlink.net,Male,70.79.196.11
352,Xylia,Rosita,xrosita9r@foxnews.com,Female,243.219.194.162
353,Wallie,,wspenton9s@behance.net,Male,220.19.152.191
354,Estrellita,Dace,edace9t@webnode.com,Female,223.37.199.178
355,Arvie,Buxcy,abuxcy9u@sitemeter.com,Male,16.163.244.115
356,Shalne,Korpal,skorpal9v@dion.ne.jp,Female,253.248.129.14
357,Pren,Doerffer,pdoerffer9w@ox.ac.uk,Male,233.103.209.236
358,Schuyler,Hendriksen,shendriksen9x@merriam-webster.com,Male,
359,Graham,Semeradova,gsemeradova9y@g.co,Male,211.55.123.40
360,Katleen,Juschka,kjuschka9z@etsy.com,Female,236.16.230.103
361,Carny,Danilov,cdanilova0@bizjournals.com,Non-binary,61.25.64.170
362,Paulina,Osmon,posmona1@comcast.net,Female,18.154.71.160
363,Scotti,Wearne,swearnea2@macromedia.com,Male,162.186.112.195
364,Eugenius,Marston,emarstona3@themeforest.net,Male,118.118.125.2
365,Dorelia,,dradkia4@gravatar.com,Female,239.236.199.60
366,Rosana,,rworsallsa5@indiatimes.com,Female,104.167.150.58
367,Zolly,Carrodus,zcarrodusa6@google.co.jp,Male,214.124.26.231
368,Torin,,thalligana7@youtube.com,Male,108.148.18.84
369,Ave,Bone,abonea8@fastcompany.com,Male,214.148.197.155
370,Wilbur,,wbrahama9@mapquest.com,Male,248.23.82.114
371,Guglielma,Bente,gbenteaa@live.com,Female,254.144.26.32
372,Dalia,Onge,dongeab@mac.com,Female,3.22.105.192
373,Arty,,adanielsac@imgur.com,Male,196.193.205.92
374,Dorelia,Robel,drobelad@senate.gov,Female,99.116.131.14
375,Cary,Lawey,claweyae@utexas.edu,Male,
376,Bernie,Hann,bhannaf@statcounter.com,Male,9.84.251.3
377,Donna,Dingley,ddingleyag@ucla.edu,Female,141.20.80.223
378,Nero,,nstrittonah@amazon.co.uk,Male,43.76.113.1
379,Clementina,Wattins,cwattinsai@arizona.edu,Female,254.1.212.86
380,Jaquenetta,Elix,jelixaj@hhs.gov,Female,71.209.117.61
381,Carole,Fairhurst,cfairhurstak@uiuc.edu,Female,
382,Edeline,Crilly,ecrillyal@yahoo.co.jp,Female,151.127.117.126
383,Chlo,,czuanazziam@nymag.com,Female,81.43.145.160
384,Zaccaria,Pache,zpachean@t.co,Male,
385,Marjie,O' Dooley,modooleyao@epa.gov,Female,45.41.147.6
386,Genovera,Willder,gwillderap@hp.com,Female,
387,Wilden,Romeo,wromeoaq@clickbank.net,Male,81.40.101.68
388,Cornie,Attreed,cattreedar@hhs.gov,Male,47.64.225.30
389,Lotti,Tisun,ltisunas@edublogs.org,Female,250.45.118.243
390,Shurlock,Alans,salansat@mapy.cz,Male,
391,Camille,McGlaughn,cmcglaughnau@diigo.com,Non-binary,65.118.232.141
392,Karel,Sennett,ksennettav@mit.edu,Non-binary,148.207.136.74
393,Anjanette,Maas,amaasaw@washington.edu,Female,
394,Lucien,Oliveti,lolivetiax@multiply.com,Male,250.92.222.132
395,Zara,Hardwicke,zhardwickeay@drupal.org,Female,131.127.103.211
396,Sharron,Kegg,skeggaz@sun.com,Female,179.160.18.251
397,Joshuah,Chomiszewski,jchomiszewskib0@google.co.uk,Male,29.149.15.80
398,Storm,Sweatland,ssweatlandb1@godaddy.com,Female,49.235.10.245
399,Creigh,Segar,csegarb2@tiny.cc,Male,
400,Jarrid,Carletti,jcarlettib3@ibm.com,Male,255.86.225.192
401,Torrin,Annand,tannandb4@cnet.com,Male,0.199.103.195
402,Sybilla,Cacacie,scacacieb5@indiegogo.com,Female,244.127.81.15
403,Adella,MacNeachtain,amacneachtainb6@adobe.com,Female,31.207.48.12
404,Ardenia,Wahlberg,awahlbergb7@buzzfeed.com,Female,121.224.145.175
405,Wilone,Booi,wbooib8@scientificamerican.com,Non-binary,143.164.116.107
406,Marcelo,Comfort,mcomfortb9@yahoo.co.jp,Male,197.97.44.64
407,Brianna,Lindsay,blindsayba@booking.com,Female,193.112.179.135
408,Edi,Harce,eharcebb@nationalgeographic.com,Female,147.140.104.247
409,Jorge,Simeon,jsimeonbc@reddit.com,Male,33.16.26.232
410,Janeva,Astill,jastillbd@networkadvertising.org,Female,149.45.28.174
411,Lynnett,Saph,lsaphbe@ycombinator.com,Female,3.221.5.140
412,Brigida,Scorton,bscortonbf@netvibes.com,Female,45.78.147.242
413,Eveline,Limprecht,elimprechtbg@arizona.edu,Female,173.145.103.160
414,Leupold,Blackford,lblackfordbh@topsy.com,Bigender,80.252.221.137
415,Alina,Frise,afrisebi@free.fr,Female,224.209.54.155
416,Freedman,,fkeeribj@examiner.com,Non-binary,25.217.103.67
417,Beryle,Ingyon,bingyonbk@wired.com,Agender,233.94.173.109
418,Rod,,rstebbingbl@cmu.edu,Male,194.78.206.27
419,Aylmar,Tricker,atrickerbm@cnn.com,Male,21.149.239.133
420,Deidre,,dlagdebn@hc360.com,Female,141.150.93.89
421,Giacopo,,glawlingbo@eventbrite.com,Male,8.67.213.152
422,Clerissa,,cshoesmithbp@craigslist.org,Female,113.21.138.100
423,Cesaro,,candraultbq@e-recht24.de,Genderqueer,10.195.24.207
424,Zach,Paley,zpaleybr@seattletimes.com,Male,158.189.118.163
425,Gar,Houson,ghousonbs@plala.or.jp,Male,48.223.114.239
426,Vite,,vdummiganbt@fc2.com,Non-binary,25.202.182.10
427,Wendeline,,wduggonbu@gizmodo.com,Female,190.202.115.230
428,Kellina,Greenig,kgreenigbv@theatlantic.com,Female,109.147.134.96
429,Jarib,Berney,jberneybw@wisc.edu,Male,81.57.184.194
430,Taryn,Stronghill,tstronghillbx@disqus.com,Female,199.34.162.223
431,Brian,Thorald,bthoraldby@sfgate.com,Male,219.163.233.188
432,Richard,MacTerrelly,rmacterrellybz@rambler.ru,Male,184.136.16.240
433,Templeton,Arnell,tarnellc0@reverbnation.com,Male,110.226.121.118
434,Samuel,Scales,sscalesc1@wikimedia.org,Male,
435,Jacquelyn,Butler,jbutlerc2@etsy.com,Female,130.11.47.253
436,Aurea,Macguire,amacguirec3@hostgator.com,Female,118.212.3.49
437,Morse,Klezmski,mklezmskic4@yahoo.com,Agender,93.74.51.212
438,Zondra,Finker,zfinkerc5@gnu.org,Female,34.39.133.82
439,Shawna,,sroysec6@mapy.cz,Female,91.212.139.209
440,Waneta,Moralee,wmoraleec7@altervista.org,Genderqueer,123.209.201.102
441,Anjanette,Stanford,astanfordc8@answers.com,Female,69.27.160.108
442,Rosemonde,Philippart,rphilippartc9@usa.gov,Female,106.104.92.194
443,Regan,Brecknall,rbrecknallca@addthis.com,Female,108.97.2.113
444,Jase,,jsalackcb@reuters.com,Male,102.18.80.41
445,Willow,Winterflood,wwinterfloodcc@wisc.edu,Bigender,157.93.0.76
446,Matthaeus,Densey,mdenseycd@google.co.uk,Male,47.55.184.165
447,Kamila,Bremmer,kbremmerce@admin.ch,Bigender,26.14.173.167
448,Willi,,wculletoncf@time.com,Male,205.149.84.201
449,Loria,Niesing,lniesingcg@sogou.com,Female,104.141.158.44
450,Forest,Flucker,ffluckerch@people.com.cn,Male,145.19.145.100
451,Veda,Paydon,vpaydonci@imdb.com,Female,132.252.244.180
452,Gustavus,Esseby,gessebycj@yandex.ru,Male,
453,Bessie,Phillipson,bphillipsonck@foxnews.com,Female,92.197.198.134
454,Nelly,Cawood,ncawoodcl@cloudflare.com,Female,110.147.133.61
455,Rivalee,Curreen,rcurreencm@ucsd.edu,Female,160.77.141.222
456,Ingra,Korneichuk,ikorneichukcn@baidu.com,Male,
457,Hilliary,Ellsom,hellsomco@dion.ne.jp,Female,1.255.128.181
458,Malynda,Bowich,mbowichcp@statcounter.com,Female,27.84.13.147
459,Janifer,,jbeamescq@people.com.cn,Female,171.134.38.160
460,Beale,Bovingdon,bbovingdoncr@storify.com,Male,209.194.58.209
461,Herold,Piggott,hpiggottcs@livejournal.com,Male,217.100.210.38
462,Lauryn,Corcut,lcorcutct@ehow.com,Female,152.73.87.59
463,Riannon,Rait,rraitcu@example.com,Female,164.175.163.129
464,Ashlen,Noriega,anoriegacv@blogs.com,Agender,129.110.56.113
465,Osbourn,Dumpleton,odumpletoncw@vinaora.com,Male,11.63.198.85
466,Forbes,Shipman,fshipmancx@4shared.com,Male,233.193.82.100
467,Aloisia,Skipping,askippingcy@shinystat.com,Female,153.249.18.185
468,Marigold,Haskey,mhaskeycz@apache.org,Female,118.173.175.3
469,Boyd,Everard,beverardd0@diigo.com,Male,29.55.127.190
470,Mallissa,Medcraft,mmedcraftd1@bandcamp.com,Female,122.115.138.241
471,Lorant,Cheeld,lcheeldd2@exblog.jp,Bigender,79.93.238.171
472,Filippo,Dod,fdodd3@google.pl,Male,134.85.35.209
473,Troy,Whewill,twhewilld4@tinyurl.com,Genderqueer,150.179.34.221
474,Savina,Maccari,smaccarid5@comsenz.com,Female,146.124.46.148
475,Normand,Bremner,nbremnerd6@loc.gov,Male,89.4.118.57
476,Nobie,McBryde,nmcbryded7@liveinternet.ru,Male,43.100.97.13
477,Gradeigh,Gilhouley,ggilhouleyd8@dailymail.co.uk,Male,103.211.143.88
478,Harper,,hyeldingd9@huffingtonpost.com,Male,186.126.88.43
479,Kristal,,ktrowillda@usgs.gov,Female,180.22.107.34
480,Will,Warrell,wwarrelldb@netscape.com,Male,
481,Zarah,Lortz,zlortzdc@narod.ru,Female,4.232.121.155
482,Bondie,Townsend,btownsenddd@taobao.com,Male,126.220.219.252
483,Whitman,Kelly,wkellyde@naver.com,Non-binary,121.84.141.131
484,Nari,Smails,nsmailsdf@guardian.co.uk,Female,228.71.12.165
485,Tildie,von Nassau,tvonnassaudg@booking.com,Female,0.94.87.234
486,Sayer,Wethered,swethereddh@ifeng.com,Male,81.144.188.203
487,Jone,Steeden,jsteedendi@studiopress.com,Male,121.43.99.93
488,Glynis,Rawstorn,grawstorndj@cisco.com,Female,75.33.4.36
489,Tamiko,Mighele,tmigheledk@seesaa.net,Female,153.227.147.200
490,Dominga,Lasty,dlastydl@reddit.com,Female,132.66.156.105
491,Neysa,,nchestnutdm@weibo.com,Female,122.22.251.180
492,Haily,Yeates,hyeatesdn@intel.com,Bigender,84.52.102.1
493,Obed,Batie,obatiedo@washington.edu,Non-binary,102.38.117.94
494,Greer,Becraft,gbecraftdp@cam.ac.uk,Female,64.175.170.191
495,Hewitt,,hcolhoundq@furl.net,Male,234.92.186.7
496,Corilla,Djorevic,cdjorevicdr@newyorker.com,Female,247.117.2.232
497,Katya,Paxforde,kpaxfordeds@miibeian.gov.cn,Female,17.198.215.213
498,Alberto,Aymes,aaymesdt@japanpost.jp,Male,184.170.232.142
499,Davis,Reubbens,dreubbensdu@google.com.au,Male,251.102.28.61
500,Garth,Mawby,gmawbydv@craigslist.org,Male,136.120.222.167
501,Retha,Luppitt,rluppittdw@ed.gov,Female,72.170.215.88
502,Sheree,McNabb,smcnabbdx@flickr.com,Female,
503,Tito,Gasken,tgaskendy@fc2.com,Male,249.176.107.234
504,Zia,Cattermoul,zcattermouldz@free.fr,Female,
505,Novelia,Limbourne,nlimbournee0@time.com,Female,244.74.219.60
506,Carrie,Dingle,cdinglee1@state.tx.us,Female,12.102.235.98
507,Eudora,O'Currane,eocurranee2@wikimedia.org,Female,167.179.218.250
508,Marketa,,mleybornee3@ed.gov,Female,239.218.202.183
509,Allistir,,acurnesse4@hibu.com,Male,174.132.66.230
510,Sayres,Rigate,srigatee5@cnet.com,Male,230.104.156.114
511,Jethro,Meineken,jmeinekene6@issuu.com,Male,116.183.220.117
512,Carly,Baynom,cbaynome7@reddit.com,Male,221.254.233.82
513,Gina,Latek,glateke8@hao123.com,Female,
514,Virgil,Tibbotts,vtibbottse9@elegantthemes.com,Male,135.248.31.112
515,Faydra,Melson,fmelsonea@dedecms.com,Female,141.150.104.42
516,Flor,Pecht,fpechteb@msu.edu,Female,226.235.146.7
517,Valerye,Wilstead,vwilsteadec@utexas.edu,Female,200.150.124.89
518,Jolene,,jattwoolled@surveymonkey.com,Female,51.14.131.70
519,Jaquenetta,Roches,jrochesee@sogou.com,Female,240.116.212.82
520,Torrence,,tfrearef@cocolog-nifty.com,Male,50.23.182.135
521,Stacy,Caush,scausheg@ibm.com,Male,236.126.27.245
522,Guenna,M'cowis,gmcowiseh@fema.gov,Female,223.100.220.32
523,Damaris,Boarer,dboarerei@tmall.com,Female,150.69.193.112
524,Sherie,Pomeroy,spomeroyej@washington.edu,Female,209.157.143.75
525,Sissie,Barradell,sbarradellek@bloomberg.com,Female,168.30.217.188
526,Sherwin,Lampett,slampettel@illinois.edu,Male,117.83.135.218
527,Daryl,Prudham,dprudhamem@psu.edu,Non-binary,79.90.168.98
528,Penn,,phuleatten@vk.com,Male,129.109.228.162
529,Linette,Cawkwell,lcawkwelleo@va.gov,Bigender,169.55.252.69
530,Coraline,Farncombe,cfarncombeep@tuttocitta.it,Female,55.26.254.24
531,Eulalie,Errett,eerretteq@house.gov,Bigender,139.242.253.156
532,Barnard,,baxelbyer@myspace.com,Male,37.55.56.163
533,Isaak,Haverson,ihaversones@g.co,Genderfluid,201.109.202.174
534,Jeth,Jaycock,jjaycocket@paginegialle.it,Male,175.18.104.126
535,Maddalena,Fish,mfisheu@upenn.edu,Female,167.47.37.208
536,Joan,,jhorneyev@bandcamp.com,Female,112.251.198.217
537,Bram,Cresar,bcresarew@npr.org,Male,33.12.33.55
538,Ashleigh,,asevinex@weather.com,Agender,15.190.226.155
539,Kelsi,Di Nisco,kdiniscoey@usatoday.com,Female,106.62.113.128
540,Doug,Ringham,dringhamez@shutterfly.com,Male,97.247.218.114
541,Ted,,ttweedf0@arstechnica.com,Female,239.175.239.27
542,Hayward,,hgawenf1@loc.gov,Male,25.247.76.211
543,Sonya,,spetrasekf2@dedecms.com,Female,45.111.244.116
544,Carol-jean,Montier,cmontierf3@desdev.cn,Female,241.48.40.182
545,Cornall,Burden,cburdenf4@deliciousdays.com,Male,200.198.226.16
546,Kenyon,Bacher,kbacherf5@a8.net,Male,163.194.174.45
547,Verene,Reed,vreedf6@apache.org,Female,111.0.141.87
548,Lanny,,ludallf7@gov.uk,Male,119.68.12.150
549,Ruprecht,,rwaumsleyf8@cnbc.com,Male,87.145.122.171
550,Mannie,Gowman,mgowmanf9@example.com,Male,200.154.225.209
551,Dolph,Moroney,dmoroneyfa@ning.com,Male,106.251.181.103
552,Cathryn,Janko,cjankofb@redcross.org,Bigender,98.112.78.127
553,Nico,Leman,nlemanfc@ow.ly,Male,147.152.101.122
554,Aryn,Pepys,apepysfd@last.fm,Female,156.240.177.153
555,Tann,McGregor,tmcgregorfe@shareasale.com,Male,74.93.40.122
556,Niven,Simione,nsimioneff@dedecms.com,Male,215.101.220.158
557,Lucius,Dagnan,ldagnanfg@odnoklassniki.ru,Bigender,18.247.21.102
558,Isabelle,Skivington,iskivingtonfh@webeden.co.uk,Female,246.42.217.110
559,Valerye,Dearlove,vdearlovefi@opera.com,Bigender,101.158.30.130
560,Kennan,Heilds,kheildsfj@netvibes.com,Male,104.236.42.148
561,Jennica,Speerman,jspeermanfk@tinypic.com,Female,77.93.89.155
562,Adore,Leyshon,aleyshonfl@house.gov,Female,199.232.142.55
563,Abigail,Josowitz,ajosowitzfm@odnoklassniki.ru,Female,158.189.254.16
564,Dodi,Metzel,dmetzelfn@google.ru,Female,62.65.213.170
565,Zea,Severns,zsevernsfo@canalblog.com,Female,247.35.212.90
566,Bernardine,,bbroadfootfp@telegraph.co.uk,Agender,134.81.206.93
567,Kasper,,kmatchettfq@phoca.cz,Agender,6.54.89.135
568,Cyndi,Morland,cmorlandfr@soup.io,Female,136.81.241.123
569,Sax,Makepeace,smakepeacefs@skype.com,Male,126.58.208.151
570,Wittie,Dragon,wdragonft@phoca.cz,Male,46.214.128.226
571,Cris,,cmongetfu@nydailynews.com,Male,254.203.28.173
572,Trstram,Fairholme,tfairholmefv@usda.gov,Male,228.63.2.171
573,Goddard,Fosdike,gfosdikefw@mysql.com,Male,173.56.65.67
574,Aubrey,,agoodrichfx@blogger.com,Male,161.101.239.94
575,Catherin,,cstrodefy@qq.com,Female,39.158.171.17
576,Hiram,Lardiner,hlardinerfz@google.cn,Male,
577,Kristian,,kbayneg0@spotify.com,Male,97.17.242.99
578,Griswold,Spicer,gspicerg1@technorati.com,Male,38.67.10.242
579,Edd,,ebattershallg2@so-net.ne.jp,Male,176.165.196.0
580,Demetrius,O'Neil,doneilg3@ibm.com,Bigender,222.154.214.201
581,Obed,Betty,obettyg4@craigslist.org,Male,138.253.15.198
582,Darryl,,dmairsg5@istockphoto.com,Male,35.203.4.63
583,Roderic,,rrowetg6@nba.com,Male,48.235.160.83
584,Jillene,Gawthrope,jgawthropeg7@bloomberg.com,Female,190.141.145.103
585,Vanya,,vmiddlewickg8@blogtalkradio.com,Male,
586,Rhody,Andreoletti,randreolettig9@etsy.com,Female,92.138.82.110
587,Lonnie,Marrion,lmarrionga@gravatar.com,Female,144.67.37.101
588,Fina,,fughettigb@hp.com,Female,110.129.135.47
589,Lexine,Barrington,lbarringtongc@soup.io,Female,81.55.225.205
590,Filippa,Costanza,fcostanzagd@blogs.com,Female,35.236.231.137
591,Rriocard,Di Biasi,rdibiasige@latimes.com,Male,123.7.92.7
592,Otho,Vennings,ovenningsgf@creativecommons.org,Male,149.73.68.244
593,Doll,Forcer,dforcergg@gravatar.com,Female,161.12.105.94
594,Hynda,Halfacre,hhalfacregh@clickbank.net,Female,81.45.28.24
595,Michel,Gilchrest,mgilchrestgi@webnode.com,Female,54.226.250.84
596,Mathilda,Blaver,mblavergj@addtoany.com,Female,213.228.93.8
597,Kalinda,Dundredge,kdundredgegk@washington.edu,Female,98.201.243.177
598,Sasha,,sbotemangl@eventbrite.com,Female,243.142.100.127
599,Marna,Vlasenkov,mvlasenkovgm@cnn.com,Female,196.111.243.199
600,Janel,Bonsall,jbonsallgn@scribd.com,Female,228.152.6.230
601,Ellwood,Lucey,eluceygo@flavors.me,Male,61.112.159.212
602,Esteban,,eglasbygp@wix.com,Male,156.253.40.75
603,Dunstan,Gribble,dgribblegq@printfriendly.com,Male,204.132.37.0
604,Maia,Peffer,mpeffergr@cisco.com,Female,218.11.58.87
605,Carolann,Lambole,clambolegs@shop-pro.jp,Female,11.119.7.229
606,Lucais,,ltatchellgt@list-manage.com,Male,62.136.224.49
607,Shandee,Wormstone,swormstonegu@tmall.com,Female,238.163.177.132
608,Lane,Toby,ltobygv@technorati.com,Male,139.18.106.195
609,Cathrine,Quinevan,cquinevangw@fc2.com,Female,231.182.72.195
610,Alasteir,Emnoney,aemnoneygx@wiley.com,Male,
611,Uriel,Pleasance,upleasancegy@npr.org,Male,84.150.127.179
612,Lancelot,Radoux,lradouxgz@dmoz.org,Male,19.67.101.69
613,Kennie,Kaysor,kkaysorh0@ibm.com,Male,90.2.177.55
614,Ab,Schettini,aschettinih1@bloomberg.com,Male,136.204.69.165
615,Mollee,Preddle,mpreddleh2@amazonaws.com,Female,80.70.88.87
616,Pet,Itzcovich,pitzcovichh3@xrea.com,Female,
617,Tito,Farrey,tfarreyh4@addthis.com,Male,248.5.219.115
618,Nanci,Geaves,ngeavesh5@digg.com,Female,146.45.181.133
619,Isidoro,,ibrinklerh6@yolasite.com,Male,176.181.243.17
620,Dita,Hughes,dhughesh7@technorati.com,Female,116.232.189.239
621,Edan,Simon,esimonh8@biblegateway.com,Male,79.230.95.209
622,Leigha,,lquigleyh9@tumblr.com,Genderfluid,228.198.130.98
623,Clayborne,Lamar,clamarha@pen.io,Male,
624,Freida,Gandar,fgandarhb@independent.co.uk,Female,1.144.45.170
625,Damita,Dickenson,ddickensonhc@apache.org,Female,65.245.112.92
626,Shell,,scolamhd@dot.gov,Male,242.165.253.71
627,Anders,,avardiehe@networkadvertising.org,Male,178.122.100.40
628,Terri,,tthreadgoldhf@opera.com,Polygender,248.11.56.12
629,Porter,MacSweeney,pmacsweeneyhg@sfgate.com,Male,
630,Maddalena,Denning,mdenninghh@baidu.com,Female,206.20.132.176
631,Maureene,,mfillinghamhi@sina.com.cn,Female,28.168.52.207
632,Isador,Denny,idennyhj@bravesites.com,Male,209.103.213.216
633,Clementia,,ccraikerhk@disqus.com,Female,
634,Alfi,,acockrenhl@apple.com,Female,168.54.116.57
635,Kaspar,Rosenbloom,krosenbloomhm@marketwatch.com,Male,170.117.211.151
636,Clemente,Brood,cbroodhn@google.ru,Male,209.246.156.133
637,Bertrand,Hardingham,bhardinghamho@dmoz.org,Male,185.116.169.243
638,Emmey,,etedmanhp@businessinsider.com,Female,42.217.19.143
639,Johann,Farlham,jfarlhamhq@icio.us,Genderqueer,120.242.91.95
640,Roland,Carress,rcarresshr@phoca.cz,Male,90.48.178.119
641,Abbi,Ranaghan,aranaghanhs@stanford.edu,Female,124.78.13.114
642,Doretta,,dilettht@infoseek.co.jp,Female,184.150.126.79
643,Elsie,,egiannassihu@skype.com,Female,226.247.4.89
644,Julianna,McEachern,jmceachernhv@loc.gov,Female,80.211.55.254
645,Earlie,Hamsher,ehamsherhw@sohu.com,Male,76.160.129.177
646,Marnie,Pauer,mpauerhx@liveinternet.ru,Female,72.49.104.0
647,Gaylord,,gbinnshy@bloglovin.com,Male,2.58.184.59
648,Kevyn,,kgodleehz@ezinearticles.com,Female,147.66.239.246
649,Bibbye,Aleavy,baleavyi0@census.gov,Female,119.53.162.212
650,Helli,Lansley,hlansleyi1@shutterfly.com,Female,195.248.220.8
651,Meredith,,mfeedomei2@rambler.ru,Female,14.51.245.134
652,Alric,Geall,agealli3@latimes.com,Male,242.63.51.194
653,Karlan,Garthside,kgarthsidei4@ustream.tv,Male,224.15.14.29
654,Cate,Chillistone,cchillistonei5@princeton.edu,Female,205.120.172.217
655,Suki,Iremonger,siremongeri6@theatlantic.com,Female,7.130.79.27
656,Yolande,Seely,yseelyi7@odnoklassniki.ru,Female,246.95.144.187
657,Ewen,Impleton,eimpletoni8@blog.com,Male,130.198.124.115
658,Dede,Crockett,dcrocketti9@nps.gov,Female,110.73.1.208
659,Benedict,Stanbro,bstanbroia@apple.com,Male,240.119.64.218
660,Adriane,Franceschi,afranceschiib@yahoo.com,Agender,187.188.246.142
661,Lissie,Rosini,lrosiniic@stanford.edu,Female,146.0.213.43
662,Nikki,Olney,nolneyid@mac.com,Female,
663,Myrlene,Heaton,mheatonie@dmoz.org,Female,17.92.124.86
664,Ernest,Howett,ehowettif@cbc.ca,Male,28.158.195.248
665,Abbie,Harrington,aharringtonig@europa.eu,Male,74.169.185.182
666,Shaylynn,Cree,screeih@networksolutions.com,Female,106.58.33.21
667,Edi,,esillisii@jigsy.com,Female,167.230.151.204
668,Cordy,Bowld,cbowldij@360.cn,Male,108.225.138.144
669,Giff,,ghullockik@hostgator.com,Male,206.30.87.139
670,Rheba,Geke,rgekeil@ebay.com,Female,70.85.172.102
671,Clemence,Barnett,cbarnettim@tmall.com,Female,226.195.240.122
672,Adrienne,Quenell,aquenellin@amazon.co.uk,Female,156.22.174.98
673,Tobi,Trail,ttrailio@booking.com,Female,0.94.155.49
674,Jeanna,Lorrain,jlorrainip@spiegel.de,Female,127.255.123.118
675,Any,Scrowston,ascrowstoniq@state.tx.us,Male,89.37.120.69
676,Giselbert,Pechacek,gpechacekir@quantcast.com,Male,181.88.191.42
677,Venus,Van Der Weedenburg,vvanderweedenburgis@last.fm,Female,231.199.197.104
678,Issi,Whitmell,iwhitmellit@comcast.net,Bigender,58.135.39.83
679,Gweneth,McColl,gmccolliu@icq.com,Bigender,115.184.16.182
680,Sissy,Batters,sbattersiv@yahoo.co.jp,Female,135.92.210.2
681,Nikita,Daniello,ndanielloiw@vk.com,Male,193.202.25.126
682,Ingram,,icrannisix@sakura.ne.jp,Bigender,17.8.241.54
683,Carrie,,cfranciskiewicziy@bigcartel.com,Female,193.187.113.120
684,Kevan,,kgoodaleiz@prlog.org,Male,158.146.197.88
685,Rab,Yacobsohn,ryacobsohnj0@bandcamp.com,Male,50.6.231.151
686,Julianne,,jyekelj1@cargocollective.com,Female,180.100.84.195
687,Haily,Rumbelow,hrumbelowj2@mediafire.com,Male,105.169.162.58
688,Aldus,O'Dowling,aodowlingj3@buzzfeed.com,Genderfluid,93.45.157.237
689,Agace,Meachem,ameachemj4@slate.com,Female,173.55.247.17
690,Addie,Ingliss,ainglissj5@hhs.gov,Male,
691,Phineas,Brecken,pbreckenj6@vk.com,Bigender,229.207.183.69
692,Frederic,Clausson,fclaussonj7@nymag.com,Male,97.86.95.239
693,Harman,Bispham,hbisphamj8@php.net,Male,18.52.178.208
694,Alla,Annatt,aannattj9@msn.com,Genderfluid,198.136.152.137
695,Tasha,Hallwell,thallwellja@mysql.com,Female,250.30.209.198
696,Peter,,pogglebiejb@usnews.com,Male,183.126.167.170
697,Donn,,dbernardinjc@thetimes.co.uk,Male,199.55.139.121
698,Kerk,Atger,katgerjd@disqus.com,Male,207.43.48.199
699,Gabie,,gbrychanje@photobucket.com,Male,194.227.85.62
700,Ambur,Litchfield,alitchfieldjf@sourceforge.net,Female,211.113.113.14
701,Sander,Standbrook,sstandbrookjg@mozilla.com,Male,129.55.64.240
702,Lissi,Bourgeois,lbourgeoisjh@wix.com,Female,45.111.31.155
703,Mersey,Rosbrough,mrosbroughji@tripod.com,Female,
704,Jorry,Studdal,jstuddaljj@buzzfeed.com,Female,180.142.58.247
705,Annadiana,Inston,ainstonjk@umich.edu,Female,164.1.56.34
706,Amory,Jedrasik,ajedrasikjl@admin.ch,Male,11.119.251.90
707,Annadiane,Aidler,aaidlerjm@cam.ac.uk,Female,172.63.227.199
708,Sidoney,Welfare,swelfarejn@canalblog.com,Female,155.231.11.110
709,Lev,Mattocks,lmattocksjo@elegantthemes.com,Non-binary,127.111.128.178
710,Paige,Willimont,pwillimontjp@eepurl.com,Male,102.195.214.45
711,Lamond,Suttill,lsuttilljq@harvard.edu,Male,131.226.123.3
712,Courtney,Suston,csustonjr@domainmarket.com,Male,135.121.138.154
713,Martie,Howling,mhowlingjs@google.ru,Male,84.75.182.144
714,Christophorus,,ckeilingjt@newsvine.com,Male,102.232.201.21
715,Roda,,rcarpju@hostgator.com,Female,7.223.37.106
716,Wernher,,wletessierjv@ocn.ne.jp,Male,211.139.240.205
717,Boyd,O'Donnelly,bodonnellyjw@delicious.com,Male,114.127.23.255
718,Hendrick,Blazevic,hblazevicjx@irs.gov,Male,212.141.111.62
719,Bartram,Forman,bformanjy@ft.com,Male,67.67.247.24
720,Jami,Edgar,jedgarjz@tinypic.com,Bigender,173.193.63.192
721,Rik,,rsijmonsk0@icq.com,Male,118.209.54.65
722,Jacquette,Brendel,jbrendelk1@businesswire.com,Genderqueer,215.41.84.124
723,Pammy,Hoggins,phogginsk2@ox.ac.uk,Female,115.177.130.185
724,Corine,,cvassbenderk3@mlb.com,Polygender,188.1.204.19
725,Dora,Oakwood,doakwoodk4@sfgate.com,Female,59.26.32.53
726,Liane,Claque,lclaquek5@skyrock.com,Female,171.90.158.5
727,Estell,,eloweyk6@guardian.co.uk,Female,
728,Artemas,Ladewig,aladewigk7@squarespace.com,Male,212.200.147.81
729,Georas,Pocock,gpocockk8@businessinsider.com,Male,92.227.132.25
730,Evania,,ehenstonek9@istockphoto.com,Female,5.154.47.74
731,Trixy,McKeggie,tmckeggieka@istockphoto.com,Female,224.57.141.66
732,Rutter,Iveans,riveanskb@ted.com,Male,154.113.231.121
733,Hamish,Flute,hflutekc@fema.gov,Male,219.98.238.140
734,Nani,Gotfrey,ngotfreykd@spotify.com,Female,7.102.137.8
735,Federica,Tight,ftightke@surveymonkey.com,Polygender,182.106.0.240
736,Matteo,Reskelly,mreskellykf@bbc.co.uk,Male,14.129.208.39
737,Gill,,gentreskg@hp.com,Female,
738,Dede,Geibel,dgeibelkh@mail.ru,Female,69.104.223.254
739,Jo ann,Butteris,jbutteriski@sphinn.com,Female,
740,Denney,Canas,dcanaskj@qq.com,Male,139.30.106.82
741,Shir,Shorthouse,sshorthousekk@elegantthemes.com,Female,151.13.87.205
742,Rutter,,rmonellekl@oaic.gov.au,Male,95.164.113.73
743,Cristobal,,cwilmankm@reddit.com,Male,201.89.184.47
744,Courtney,Frisdick,cfrisdickkn@paginegialle.it,Male,145.175.186.67
745,Mitchell,O' Ronan,moronanko@hexun.com,Male,98.27.148.106
746,Adah,Bossingham,abossinghamkp@addthis.com,Female,29.3.98.84
747,Cher,Tollady,ctolladykq@a8.net,Female,59.34.163.17
748,Dilly,Gerler,dgerlerkr@networkadvertising.org,Male,47.190.10.55
749,Maurizia,Trafford,mtraffordks@sfgate.com,Female,254.170.169.77
750,Cecil,Faithfull,cfaithfullkt@mapquest.com,Male,65.234.237.152
751,Adah,Bratty,abrattyku@joomla.org,Female,73.97.249.113
752,Skipp,Jedrychowski,sjedrychowskikv@fda.gov,Male,167.38.120.180
753,Sven,Greggersen,sgreggersenkw@nbcnews.com,Male,
754,Krystal,Schober,kschoberkx@ibm.com,Female,220.175.25.74
755,Axel,Pidgeley,apidgeleyky@wix.com,Male,25.188.35.142
756,Giovanni,,gleonidakz@tripadvisor.com,Male,253.83.168.237
757,Merrielle,Blatherwick,mblatherwickl0@nps.gov,Female,96.2.183.153
758,Florenza,Yesson,fyessonl1@buzzfeed.com,Female,
759,Orelee,Jime,ojimel2@webeden.co.uk,Female,208.97.44.47
760,Duffie,Kaming,dkamingl3@networksolutions.com,Bigender,178.230.191.173
761,Beau,Skillman,bskillmanl4@fastcompany.com,Male,16.26.63.155
762,Charyl,De Marchi,cdemarchil5@ifeng.com,Female,200.36.63.190
763,Jay,Stenhouse,jstenhousel6@123-reg.co.uk,Male,81.244.76.180
764,Lavena,Hoovart,lhoovartl7@yelp.com,Female,4.241.129.209
765,Brittni,Ghidotti,bghidottil8@europa.eu,Female,78.207.26.212
766,Winnie,Sabathe,wsabathel9@deviantart.com,Male,11.48.232.205
767,Anjanette,,alangloisla@goodreads.com,Female,
768,Gaylord,Arthars,gartharslb@issuu.com,Male,142.2.2.238
769,Jennilee,,jmcmychemlc@google.ca,Female,117.192.11.187
770,Joletta,Tancock,jtancockld@pagesperso-orange.fr,Female,194.176.0.22
771,Janina,Bunney,jbunneyle@constantcontact.com,Female,230.170.99.92
772,Galven,Mitroshinov,gmitroshinovlf@mapy.cz,Male,68.188.26.7
773,Melodie,Dudden,mduddenlg@aol.com,Female,30.18.89.95
774,Ninette,Hebburn,nhebburnlh@icio.us,Female,166.62.65.35
775,El,,educaenli@netvibes.com,Male,140.121.107.100
776,Rozella,Brooking,rbrookinglj@who.int,Female,164.179.107.91
777,Giffard,Crutchley,gcrutchleylk@networksolutions.com,Male,37.24.211.51
778,Alfonse,Wilsone,awilsonell@imgur.com,Non-binary,151.214.29.28
779,Harriett,Von Hindenburg,hvonhindenburglm@hatena.ne.jp,Female,104.63.81.117
780,Wileen,Trazzi,wtrazziln@163.com,Female,143.186.93.211
781,Suellen,Wadforth,swadforthlo@wordpress.com,Female,101.123.112.61
782,Jacquie,Janos,jjanoslp@blogtalkradio.com,Female,
783,Vania,Eddington,veddingtonlq@nasa.gov,Female,138.250.185.106
784,Selena,Clausner,sclausnerlr@macromedia.com,Female,220.45.25.0
785,Rick,De Cristofalo,rdecristofalols@artisteer.com,Male,163.177.112.180
786,Dot,Megahey,dmegaheylt@e-recht24.de,Female,205.189.89.184
787,Simeon,Cronkshaw,scronkshawlu@ocn.ne.jp,Polygender,239.62.181.73
788,Cello,Compston,ccompstonlv@newyorker.com,Non-binary,185.117.80.153
789,Kiele,Darlison,kdarlisonlw@oakley.com,Female,189.190.45.129
790,Dasya,Trainer,dtrainerlx@youtube.com,Female,26.64.225.223
791,Dulciana,Braywood,dbraywoodly@uol.com.br,Female,227.252.130.113
792,Tirrell,Joslyn,tjoslynlz@pinterest.com,Male,131.83.221.167
793,Anallese,Creaser,acreaserm0@blogspot.com,Female,62.223.94.194
794,Bridgette,Allchorne,ballchornem1@google.com.hk,Female,252.120.49.138
795,Diane,Divill,ddivillm2@stumbleupon.com,Female,90.18.54.154
796,Rawley,O'Loinn,roloinnm3@desdev.cn,Male,226.242.32.159
797,Lauraine,Dehn,ldehnm4@digg.com,Female,84.255.99.127
798,Fredra,Esgate,fesgatem5@people.com.cn,Female,106.115.231.22
799,Culver,,cshippamm6@mozilla.com,Male,192.239.72.69
800,Lisle,Dilloway,ldillowaym7@wix.com,Male,196.218.206.66
801,Mozes,Eneas,meneasm8@posterous.com,Polygender,40.84.150.246
802,Korella,Rogez,krogezm9@fda.gov,Female,43.203.208.13
803,Calley,Tabbernor,ctabbernorma@infoseek.co.jp,Female,
804,Ancell,Rase,arasemb@prnewswire.com,Male,244.106.120.21
805,Zorah,,zbrandaccimc@mayoclinic.com,Female,205.49.237.190
806,Max,Amyes,mamyesmd@ca.gov,Polygender,
807,Matthew,Kettlesing,mkettlesingme@nps.gov,Male,236.144.100.20
808,Eba,Duns,edunsmf@last.fm,Bigender,2.98.117.90
809,Crissy,Dalton,cdaltonmg@sourceforge.net,Female,204.218.197.173
810,Wainwright,Thunderman,wthundermanmh@ucla.edu,Male,100.222.75.38
811,Reena,McEntagart,rmcentagartmi@google.pl,Female,132.30.109.63
812,Vinson,Bulfoy,vbulfoymj@goodreads.com,Male,168.126.104.103
813,Carma,Farrier,cfarriermk@ucoz.com,Female,133.213.115.119
814,Verna,Ivanishchev,vivanishchevml@google.co.jp,Female,126.213.60.255
815,Di,De Caroli,ddecarolimm@twitter.com,Female,16.240.79.191
816,Tris,Vautier,tvautiermn@webnode.com,Genderfluid,169.242.65.122
817,Clement,Asplen,casplenmo@chron.com,Male,45.184.26.253
818,Jerrie,Peotz,jpeotzmp@walmart.com,Female,231.232.150.106
819,Dian,Hasslocher,dhasslochermq@amazon.com,Female,40.230.40.124
820,Meryl,Collen,mcollenmr@samsung.com,Male,232.39.228.64
821,Palmer,Zanutti,pzanuttims@com.com,Male,201.141.178.142
822,Sallyanne,Grumble,sgrumblemt@cbsnews.com,Female,36.82.198.73
823,Janot,Walthew,jwalthewmu@slate.com,Female,4.45.98.1
824,Garret,Gerren,ggerrenmv@auda.org.au,Male,50.240.55.172
825,Rem,Elcomb,relcombmw@alibaba.com,Male,167.83.231.156
826,Ruby,,rsoarmx@naver.com,Female,1.32.138.43
827,Paddy,,pwolfermy@foxnews.com,Male,
828,Dulcinea,,diansonmz@histats.com,Female,198.16.75.233
829,Shellie,Mulvin,smulvinn0@theguardian.com,Female,219.25.3.187
830,Lalo,Cutajar,lcutajarn1@feedburner.com,Male,16.59.160.0
831,Alayne,Welfair,awelfairn2@sitemeter.com,Female,225.226.166.28
832,Richart,Cesaric,rcesaricn3@dell.com,Male,42.203.93.154
833,Shandee,Queree,squereen4@freewebs.com,Bigender,158.36.134.45
834,Homerus,Wheater,hwheatern5@histats.com,Male,181.222.71.18
835,Rosalyn,MacMeeking,rmacmeekingn6@engadget.com,Female,99.168.227.157
836,Jori,,jfleayn7@bluehost.com,Female,
837,Joana,Drust,jdrustn8@netlog.com,Female,150.113.239.38
838,Nancee,Humpherston,nhumpherstonn9@chronoengine.com,Female,220.224.115.104
839,Diana,Ambrogioni,dambrogionina@earthlink.net,Female,200.45.121.66
840,Roderick,Wride,rwridenb@nationalgeographic.com,Male,102.109.215.96
841,Dorey,Ferrini,dferrininc@examiner.com,Genderqueer,236.187.76.174
842,Pippo,Entissle,pentisslend@timesonline.co.uk,Male,13.249.36.162
843,Thorin,,tpedronine@free.fr,Male,91.220.159.84
844,Carmencita,Bernardon,cbernardonnf@weebly.com,Female,12.236.108.53
845,Bjorn,Bridger,bbridgerng@mashable.com,Male,58.148.197.135
846,Frederique,Iseton,fisetonnh@spotify.com,Female,38.236.118.136
847,Gaile,Pagitt,gpagittni@mac.com,Male,101.208.215.161
848,Tova,Jarrette,tjarrettenj@clickbank.net,Agender,129.110.134.186
849,Craig,Bardwell,cbardwellnk@comcast.net,Male,66.178.206.216
850,Paco,Ruppert,pruppertnl@theguardian.com,Male,244.133.207.91
851,Eugenio,Fishlock,efishlocknm@redcross.org,Male,230.135.181.166
852,Christos,Walwood,cwalwoodnn@symantec.com,Non-binary,235.75.216.128
853,Ritchie,Simko,rsimkono@multiply.com,Male,
854,Kearney,Worsley,kworsleynp@slate.com,Male,209.112.5.247
855,Ilse,,ibolensnq@bizjournals.com,Female,10.249.152.83
856,Chere,,cgullnr@patch.com,Female,132.222.88.24
857,Melvyn,Jentgens,mjentgensns@com.com,Male,49.63.147.3
858,Janie,Zanassi,jzanassint@guardian.co.uk,Female,234.170.200.191
859,Elsie,Catford,ecatfordnu@oracle.com,Female,61.127.194.234
860,Neale,,nkeatonnv@mail.ru,Male,84.198.135.232
861,Filippo,,fparemannw@addtoany.com,Male,107.84.171.28
862,Allene,Hixson,ahixsonnx@twitter.com,Female,198.161.35.251
863,Jakie,Pendrick,jpendrickny@ed.gov,Male,25.2.14.89
864,Anastasia,Cantero,acanteronz@behance.net,Female,229.4.17.184
865,Jennifer,Chadney,jchadneyo0@last.fm,Female,100.118.118.94
866,Huntington,Gricks,hgrickso1@creativecommons.org,Male,74.119.108.24
867,Ephrayim,Risom,erisomo2@last.fm,Male,103.114.184.4
868,Merell,Nolton,mnoltono3@noaa.gov,Male,196.6.146.87
869,Sophie,Miskelly,smiskellyo4@cloudflare.com,Female,129.0.231.198
870,Wylma,Furzey,wfurzeyo5@dmoz.org,Female,105.63.134.107
871,Jenelle,Ferrieroi,jferrieroio6@cnet.com,Female,96.160.236.228
872,Sawyere,Bandy,sbandyo7@goo.ne.jp,Male,238.93.66.131
873,Ealasaid,,etafto8@51.la,Female,91.184.140.64
874,Beverlee,Sictornes,bsictorneso9@princeton.edu,Female,117.157.41.112
875,Symon,Stoller,sstolleroa@tinyurl.com,Male,90.131.1.143
876,Rayshell,Gouldthorpe,rgouldthorpeob@acquirethisname.com,Female,160.181.249.196
877,Eran,Westgate,ewestgateoc@bravesites.com,Female,8.187.93.254
878,Cornie,Wrotchford,cwrotchfordod@telegraph.co.uk,Male,228.12.111.163
879,Tanner,Mazella,tmazellaoe@t.co,Male,232.38.183.110
880,Zechariah,Laister,zlaisterof@huffingtonpost.com,Male,124.16.163.66
881,Winnah,,wranaghanog@zdnet.com,Female,42.185.167.93
882,Abbye,,akedwelloh@dropbox.com,Female,120.148.247.80
883,Tim,Whorton,twhortonoi@hugedomains.com,Male,36.79.224.196
884,Isadore,Antonazzi,iantonazzioj@nature.com,Male,244.93.251.183
885,Kira,,kdiruggierook@omniture.com,Female,62.218.45.29
886,Abran,Wadforth,awadforthol@cloudflare.com,Male,81.159.219.153
887,Joshuah,Budding,jbuddingom@php.net,Male,
888,Amargo,Sleney,asleneyon@apple.com,Female,249.83.255.172
889,Berkeley,Bunworth,bbunworthoo@buzzfeed.com,Genderfluid,69.149.18.17
890,Earvin,Dwyr,edwyrop@tiny.cc,Male,79.164.230.78
891,Inesita,Lound,iloundoq@exblog.jp,Female,
892,Cissy,,cstoodleyor@histats.com,Female,22.128.82.38
893,Allison,Shave,ashaveos@google.co.jp,Genderfluid,228.114.172.129
894,Heida,Lambillion,hlambillionot@chicagotribune.com,Female,42.20.39.231
895,Aveline,Eastam,aeastamou@ed.gov,Female,28.139.215.81
896,Franky,McCorley,fmccorleyov@nyu.edu,Female,66.81.163.51
897,Odo,Heard,oheardow@webmd.com,Male,182.57.237.109
898,Ag,,aknobellox@spiegel.de,Female,235.186.244.47
899,Keven,Crownshaw,kcrownshawoy@people.com.cn,Male,120.137.19.88
900,Chadd,Briskey,cbriskeyoz@over-blog.com,Male,216.53.66.117
901,Boonie,Markwell,bmarkwellp0@alibaba.com,Male,247.154.92.20
902,Pammie,Kittman,pkittmanp1@uiuc.edu,Female,189.168.231.95
903,Hilario,Lumbly,hlumblyp2@facebook.com,Male,226.213.90.181
904,Lacy,Blezard,lblezardp3@google.es,Female,121.215.178.137
905,Cris,Gommes,cgommesp4@bloglines.com,Female,242.178.197.112
906,Noach,,nkirkp5@miibeian.gov.cn,Male,152.147.29.74
907,Pavlov,Klimontovich,pklimontovichp6@hexun.com,Male,25.81.195.72
908,Minny,Embury,memburyp7@taobao.com,Female,235.31.17.97
909,Domingo,Kunisch,dkunischp8@paypal.com,Male,4.10.129.163
910,Marilyn,,mmarioneaup9@flickr.com,Genderfluid,19.41.243.239
911,Dani,,dborrellpa@deliciousdays.com,Female,26.255.138.177
912,Waiter,Edgar,wedgarpb@myspace.com,Male,157.208.47.117
913,Ware,,wwrintmorepc@youku.com,Agender,63.44.104.222
914,Dolli,MacAllester,dmacallesterpd@washingtonpost.com,Agender,193.197.6.103
915,Mic,,mbonehampe@timesonline.co.uk,Agender,
916,Berky,Zannutti,bzannuttipf@newsvine.com,Male,60.145.253.29
917,Ree,Pinock,rpinockpg@usda.gov,Female,238.36.213.154
918,Ajay,,ajimmesph@opensource.org,Female,127.78.244.199
919,Chariot,Lyptrade,clyptradepi@51.la,Male,82.31.161.123
920,Saidee,Rowler,srowlerpj@sphinn.com,Female,150.149.7.19
921,Corry,Le Houx,clehouxpk@instagram.com,Female,85.227.139.182
922,Pepillo,Dekeyser,pdekeyserpl@hatena.ne.jp,Bigender,216.103.93.252
923,Van,Rydings,vrydingspm@columbia.edu,Genderqueer,13.108.223.165
924,Marylin,,mofenerpn@vimeo.com,Female,244.235.34.37
925,Wenda,Mitchenson,wmitchensonpo@cafepress.com,Female,123.138.223.51
926,Bambie,Youles,byoulespp@cargocollective.com,Female,96.157.179.252
927,Latisha,Heasly,lheaslypq@yelp.com,Female,68.142.27.168
928,Violet,Worsnap,vworsnappr@xrea.com,Female,112.71.211.90
929,Fredia,Orr,forrps@edublogs.org,Female,49.206.107.237
930,Levon,,lkibbeypt@list-manage.com,Non-binary,172.129.216.10
931,Cyndia,Davern,cdavernpu@mapquest.com,Female,230.189.31.250
932,Bink,Wiggin,bwigginpv@aol.com,Male,164.56.137.144
933,Tiebold,De Ambrosis,tdeambrosispw@theglobeandmail.com,Male,
934,Ambros,Hedditeh,ahedditehpx@trellian.com,Male,206.52.72.173
935,Quill,Ayerst,qayerstpy@reuters.com,Male,125.243.65.76
936,Jethro,Graddon,jgraddonpz@omniture.com,Non-binary,33.252.118.50
937,Issiah,Gosland,igoslandq0@nyu.edu,Male,189.186.121.119
938,Gusta,O'Cahsedy,gocahsedyq1@slate.com,Female,208.109.120.206
939,Karim,Waszczykowski,kwaszczykowskiq2@topsy.com,Male,75.140.236.124
940,Worthington,Dowley,wdowleyq3@tinyurl.com,Male,36.150.177.123
941,Jacenta,Spiller,jspillerq4@skype.com,Genderfluid,101.90.159.209
942,Zebulen,,zbrachq5@archive.org,Male,138.48.186.164
943,Hermon,Bortoli,hbortoliq6@facebook.com,Male,118.187.240.180
944,Bibbye,Delos,bdelosq7@delicious.com,Female,29.35.176.22
945,Selie,Dullard,sdullardq8@sogou.com,Female,183.14.186.221
946,Ramsay,,rpatrickq9@huffingtonpost.com,Male,179.116.183.137
947,Kimberlyn,Georgeson,kgeorgesonqa@behance.net,Female,114.166.102.34
948,Forbes,Gore,fgoreqb@patch.com,Non-binary,145.179.236.9
949,Mireille,Lehon,mlehonqc@latimes.com,Female,47.235.184.176
950,Kaylil,,kmattessenqd@simplemachines.org,Female,132.56.83.174
951,Elane,Bigmore,ebigmoreqe@wix.com,Female,124.150.124.226
952,Ryan,Pavis,rpavisqf@webnode.com,Male,119.223.108.43
953,Vannie,Hobbert,vhobbertqg@plala.or.jp,Non-binary,252.148.168.240
954,Emlyn,Melbury,emelburyqh@t.co,Female,164.68.164.24
955,Vinnie,Drillot,vdrillotqi@eventbrite.com,Female,78.136.102.56
956,Kyrstin,Tremble,ktrembleqj@cisco.com,Female,72.83.38.237
957,Tersina,Cockayme,tcockaymeqk@ebay.com,Female,194.182.83.193
958,Dwayne,Kubicek,dkubicekql@chronoengine.com,Male,220.151.59.24
959,Launce,Kantor,lkantorqm@jiathis.com,Male,2.37.188.94
960,Rudolfo,Losebie,rlosebieqn@theguardian.com,Male,9.201.18.173
961,Florrie,Eliasen,feliasenqo@tamu.edu,Female,90.223.36.137
962,Janek,Farish,jfarishqp@mlb.com,Male,94.73.168.155
963,Lezley,Lamberto,llambertoqq@themeforest.net,Male,58.204.245.162
964,Irv,Smitton,ismittonqr@google.ru,Male,175.206.148.35
965,Willie,Pridgeon,wpridgeonqs@ycombinator.com,Female,
966,Wilmar,Cockley,wcockleyqt@nationalgeographic.com,Male,15.213.93.102
967,Maryrose,Denkel,mdenkelqu@apache.org,Female,135.87.7.145
968,Nicoline,,nreilingenqv@sciencedaily.com,Female,
969,Brooke,Tenant,btenantqw@icio.us,Male,
970,Happy,Lafford,hlaffordqx@creativecommons.org,Female,113.192.229.125
971,Dorelle,Thody,dthodyqy@state.gov,Female,132.212.130.17
972,Claybourne,Klulik,cklulikqz@un.org,Non-binary,200.241.219.22
973,Marie-ann,Lippini,mlippinir0@google.com,Female,117.235.66.87
974,Cybil,Ferrieri,cferrierir1@dyndns.org,Female,120.12.78.212
975,Hyman,Kobera,hkoberar2@noaa.gov,Male,173.211.117.135
976,Rossy,Connerly,rconnerlyr3@ucsd.edu,Male,238.199.125.192
977,Traver,Housam,thousamr4@amazon.com,Male,37.103.68.91
978,Diahann,Bremen,dbremenr5@a8.net,Female,30.228.135.27
979,Hailee,Auty,hautyr6@desdev.cn,Female,
980,Sabra,Insworth,sinsworthr7@go.com,Female,169.153.89.93
981,Selina,Meller,smellerr8@spotify.com,Female,169.164.3.51
982,Elsy,Treuge,etreuger9@spotify.com,Genderqueer,51.47.105.190
983,Gwynne,Carress,gcarressra@timesonline.co.uk,Female,61.78.136.142
984,Lydon,Buntain,lbuntainrb@cbc.ca,Male,84.173.189.75
985,Kassey,Gathercole,kgathercolerc@yahoo.com,Female,17.125.255.96
986,Charissa,Beavis,cbeavisrd@sourceforge.net,Female,247.227.22.7
987,Sheri,Parell,sparellre@netlog.com,Female,
988,Fredric,Dudhill,fdudhillrf@spiegel.de,Male,
989,Tiertza,Yitzhakov,tyitzhakovrg@twitter.com,Female,53.129.37.133
990,Carmen,,cestoilerh@sitemeter.com,Female,252.82.92.196
991,Margie,Dodgson,mdodgsonri@hud.gov,Female,
992,Krystyna,Ollerhad,kollerhadrj@goo.gl,Female,
993,Iormina,Warret,iwarretrk@weebly.com,Female,153.20.62.9
994,Floria,Jenking,fjenkingrl@sfgate.com,Female,82.102.77.240
995,Otto,Tock,otockrm@mail.ru,Male,55.19.102.178
996,Gram,,ghindmorern@businesswire.com,Male,73.18.107.15
997,Janelle,Scotford,jscotfordro@nasa.gov,Female,186.15.212.3
998,Kathryn,Walby,kwalbyrp@un.org,Female,3.4.230.206
999,Georgiana,Braddon,gbraddonrq@live.com,Female,72.72.126.245
1000,Patrick,Eldon,peldonrr@slate.com,Male,68.186.42.127
